{
  "family": "unison-preview-worker",
  "networkMode": "awsvpc",
  "requiresCompatibilities": ["FARGATE"],
  "cpu": "256",
  "memory": "512",
  "executionRoleArn": "${EXECUTION_ROLE_ARN}",
  "taskRoleArn": "${TASK_ROLE_ARN}",
  "containerDefinitions": [
    {
      "name": "preview-worker",
      "image": "${ECR_REPO_URL}:latest",
      "essential": true,
      "portMappings": [
        {
          "containerPort": 4173,
          "protocol": "tcp"
        }
      ],
      "environment": [
        {
          "name": "NODE_ENV",
          "value": "production"
        }
      ],
      "logConfiguration": {
        "logDriver": "awslogs",
        "options": {
          "awslogs-group": "/ecs/unison-preview-worker",
          "awslogs-region": "${AWS_REGION}",
          "awslogs-stream-prefix": "ecs"
        }
      },
      "healthCheck": {
        "command": ["CMD-SHELL", "wget --no-verbose --tries=1 --spider http://localhost:4173 || exit 1"],
        "interval": 30,
        "timeout": 10,
        "retries": 3,
        "startPeriod": 60
      },
      "mountPoints": [
        {
          "sourceVolume": "project-files",
          "containerPath": "/app",
          "readOnly": false
        }
      ]
    }
  ],
  "volumes": [
    {
      "name": "project-files",
      "efsVolumeConfiguration": {
        "fileSystemId": "${EFS_FILE_SYSTEM_ID}",
        "transitEncryption": "ENABLED"
      }
    }
  ],
  "tags": [
    {
      "key": "Service",
      "value": "unison-preview"
    },
    {
      "key": "Environment",
      "value": "${ENVIRONMENT}"
    }
  ]
}
